storeId|orderType|channel|sku|price|fulfillmentType|extra
0412|RETAIL|STORE|MW-SUIT-NAVY-42R|599.99|STORE_PICKUP|,"currency":"USD"
0875|RETAIL|STORE|JAB-SHIRT-WHITE-16|79.50|STORE_PICKUP|,"currency":"USD"
1021|TAILORED|STORE|MW-SUIT-CHARCOAL-40R|649.99|STORE_PICKUP|,"currency":"USD"
0133|RETAIL|STORE|MW-TIE-SILK-BURGUNDY|49.99|STORE_PICKUP|,"currency":"USD"
9001|ECOM|WEB|JAB-BLAZER-NAVY-44L|399.00|SHIP_TO_HOME|,"shipTo":{"name":"Load Test","line1":"100 Main St","city":"Pleasanton","state":"CA","postalCode":"94588","country":"US"}
0501|RETAIL|STORE|MW-SHOES-OXFORD-10|129.99|STORE_PICKUP|,"currency":"USD"
0617|RENTAL|STORE|RNT-TUX-BLACK-40R|199.00|STORE_PICKUP|,"rental":{"eventId":"EVT-JM-1","eventDate":"2026-12-12","returnDueDate":"2026-12-14","groupId":"G-0617-JM"}
0702|RETAIL|STORE|MW-BELT-LEATHER-34|39.99|STORE_PICKUP|,"currency":"USD"
0955|TAILORED|STORE|MW-SUIT-NAVY-42R|599.99|STORE_PICKUP|,"currency":"USD"
1108|RETAIL|STORE|JAB-SHIRT-WHITE-16|79.50|STORE_PICKUP|,"currency":"USD"
9001|ECOM|WEB|MW-SUIT-CHARCOAL-40R|649.99|SHIP_TO_HOME|,"shipTo":{"name":"Load Test","line1":"100 Main St","city":"Pleasanton","state":"CA","postalCode":"94588","country":"US"}
1340|RETAIL|STORE|MW-TIE-SILK-BURGUNDY|49.99|STORE_PICKUP|,"currency":"USD"
